No,기사 타이틀
1,"[속보] 靑 ""캄보디아 스캠조직 韓국적 피의자 73명 오늘 저녁 강제송환..."
2,박근혜 “오늘부로 단식 멈추라” 장동혁 “그렇게 하겠다”
3,장동혁 “국민들과 함께한 8일…오늘 단식 중단”
4,대전 교제살인 장재원 오늘 1심 선고…'무기징역 구형'
5,"'직무유기' 오동운·'내란선동' 황교안, 오늘 첫 재판"
6,"靑 ""캄보디아 스캠조직원 73명 오늘 강제송환…역대 최대 규모"""
7,[속보] 눈물 글썽인 장동혁 “더 큰 싸움 위해 단식 중단…진정한 단식...
8,오늘 한파 절정 ‘체감 영하 20도’…이 시각 여의도
9,[단독]與 '코스피 5000시대' 지원사격...RIA·성장펀드 법안 오늘 발의
10,[날씨] 오늘 강추위 절정...호남 서해안·제주도 최고 7cm 눈
11,오늘 한파 절정 ‘체감 영하 20도’…이 시각 여의도
12,[단독]與 '코스피 5000시대' 지원사격...RIA·성장펀드 법안 오늘 발의
13,'내란 방조' 한덕수 오늘 선고...내란죄 첫 판단
14,[날씨] 오늘 강추위 절정...호남 서해안·제주도 최고 7cm 눈
15,"엑소 세훈, 연프앓이 ""오늘부터 다 볼 것"""
16,대구·경북교육감 오늘 회동…행정통합 관련 현안 협의
17,"이 대통령, 오늘 민주당 코스피 5000 특위와 오찬 예정"
18,"李대통령, 오늘 신년 기자회견…집권 2년 차 '대도약' 구상 제시"
19,오늘부터 AI 기본법 시행...법적 근거 마련했지만 우려 여전
20,"오늘 동계올림픽 선수단 결단식…체육회 ""경기에 전념할 수 있도록 지원..."
